,accuracy,val_accuracy
0,0.6030664443969727,1.1125072240829468
1,0.7700170278549194,0.6356173753738403
