{"categorical_accuracy":{"0":0.6296874881,"1":0.9142187238,"2":0.9645312428,"3":0.9814062715,"4":0.9806249738,"5":0.9845312238,"6":0.9923437238,"7":0.9967187643,"8":0.9998437762,"9":0.9987499714,"10":0.9996874928,"11":0.9996874928,"12":0.9993749857,"13":1.0,"14":0.9995312691,"15":0.9993749857,"16":0.9990624785,"17":0.9989062548,"18":1.0,"19":0.9990624785},"loss":{"0":0.913849473,"1":0.2729135156,"2":0.1145346612,"3":0.0660086945,"4":0.0626907051,"5":0.0600666143,"6":0.0296384804,"7":0.016168341,"8":0.0057382192,"9":0.007105995,"10":0.0033666831,"11":0.0022558728,"12":0.0044971551,"13":0.0017139938,"14":0.0042426791,"15":0.0021992403,"16":0.0042762454,"17":0.0037539981,"18":0.0014613026,"19":0.0046925573},"lr":{"0":0.00001,"1":0.000048,"2":0.000086,"3":0.000124,"4":0.000162,"5":0.0002,"6":0.000162,"7":0.0001316,"8":0.00010728,"9":0.000087824,"10":0.0000722592,"11":0.0000598074,"12":0.0000498459,"13":0.0000418767,"14":0.0000355014,"15":0.0000304011,"16":0.0000263209,"17":0.0000230567,"18":0.0000204454,"19":0.0000183563},"val_categorical_accuracy":{"0":0.7262773514,"1":0.9306569099,"2":0.9562043548,"3":0.9270073175,"4":0.9525547624,"5":0.9525547624,"6":0.937956214,"7":0.9525547624,"8":0.9671533108,"9":0.9671533108,"10":0.9562043548,"11":0.9635036588,"12":0.9562043548,"13":0.9562043548,"14":0.9635036588,"15":0.9708029032,"16":0.9635036588,"17":0.9635036588,"18":0.9525547624,"19":0.9598540068},"val_loss":{"0":0.7177754641,"1":0.1863498837,"2":0.1291771531,"3":0.2756311297,"4":0.1954254955,"5":0.1693559736,"6":0.2123724818,"7":0.1526685953,"8":0.1202509552,"9":0.1254511625,"10":0.1824776232,"11":0.1340371817,"12":0.1446201503,"13":0.1395549327,"14":0.1358072907,"15":0.1157763824,"16":0.1414395869,"17":0.1503909677,"18":0.166403085,"19":0.1733581722}}